  typed ident  ,typ, RA,DEC,l,b,     spec. type     ,avg
---------------,---,-----------------------------------,,-----------------------------------,,--------------------,
* lam Cru      ,Be*,193.6632607,-59.14670079,303.3449938,3.722470502,B3Vne               ,110
* mu.02 Cru    ,Be*,193.6536822,-57.1686656,303.364641,5.700415242,B5Vne               ,112
HD 22928       ,Be*,55.73126773,47.78754851,150.2834098,-5.768438451,B5III               ,113.3273903
* p Car        ,Be*,158.0060957,-61.68533231,287.1800917,-3.153897821,B4Vne               ,115.6615651
* mu. Cen      ,Be*,207.4041193,-42.47373044,314.237704,19.11723452,B2Vnpe              ,119.3233533
* chi Oph      ,Be*,246.7559791,-18.45624827,357.932803,20.67660599,B2Vne               ,122.3306013
HD 124367      ,Be*,213.7380851,-57.08612725,314.1250814,3.959558594,B4Vne               ,127
HD 192685      ,Be*,303.8162309,25.59195969,65.18762421,-5.170544118,B3V                 ,127.3246183
HD 53367       ,Ae*,106.1063837,-10.45437235,223.7091582,-1.90075057,B0IV/Ve             ,129.9638469
HD 11415       ,Be*,28.59885907,63.67010339,129.8450864,1.646573413,B3Vp_sh             ,141
HD 142184      ,Be*,238.4827668,-23.97809783,347.932467,22.5451916,B2V                 ,141
* 66 Oph       ,Be*,270.065826,4.368615635,30.99477389,13.37011038,B2Ve                ,143.982329
HD 124771      ,Be*,215.5965195,-80.10894591,306.9337859,-17.9513015,B3V                 ,144
HD 83953       ,Be*,145.3208638,-23.59151484,256.2852202,21.59961721,B5V                 ,152.3301553
HD 205637      ,Be*,324.2701278,-19.46601288,31.94221722,-44.99051381,B3V                 ,154.2702445
HD 169033      ,Be*,275.8006774,-12.01475486,19.04018877,0.690645637,B5V                 ,168.6664651
* c Per        ,Be*,62.16538399,47.71251193,153.6542498,-3.045105355,B3Ve                ,169.3276757
* psi Per      ,Be*,54.12241593,48.19263304,149.1728545,-6.089726353,B5Ve                ,171.3390614
* 16 Peg       ,Be*,328.2657011,25.92513615,80.10070229,-21.75448033,B3Ve                ,172
HD 75311       ,Be*,131.6772887,-56.76977561,273.8957112,-8.414110058,B3V(n)              ,174.66464
HD 102776      ,Be*,177.4210727,-63.78845274,296.1764842,-1.729610181,B3V                 ,184.9776489
* ups Cyg      ,Be*,319.4795292,34.89688055,80.97668733,-10.05260989,B2Vne               ,188.2908095
* bet Mon      ,** ,97.20445711,-7.03305837,216.6613724,-8.21394789,B4Ve+B2Vn(e)+B3V:nne,192.3289495
* bet01 Mon    ,Be*,97.20445713,-7.03305836,216.6613724,-8.21394788,B4Veshell           ,192.3289495
* bet Mon C    ,Em*,97.2067372,-7.0346443,216.6638268,-8.2126309,B3V:nne             ,198
HD 63215       ,Be*,116.5439384,-37.93367385,252.4535144,-6.560426585,B5V                 ,204
* bet Mon B    ,*  ,97.2059442,-7.0343986,216.6632497,-8.2132255,B2Vn(e)             ,204.6640191
HD 26356       ,Be*,67.05529883,83.80778967,128.4016828,23.40094591,B5V                 ,205
* ome CMa      ,Be*,108.7027244,-26.77266937,239.4071882,-7.152143898,B2.5Ve              ,206.2932112
* lam Pav      ,Be*,283.0543094,-62.18759232,333.6111114,-23.8736151,B2Ve                ,209.939564
HD 71510       ,Be*,126.380525,-51.72741395,267.9425669,-7.930957208,B3IV                ,214
* omi Cas      ,Be*,11.18132777,48.28436488,121.7781898,-14.57234734,B5IIIe              ,214.2886442
* lam Eri      ,Be*,77.28659645,-8.754080784,209.1402003,-26.68555968,B2III(e)p           ,214.4434315
* 11 Cam       ,Be*,76.53521819,58.97237461,150.9871633,10.79584335,B3Ve                ,217
* ups01 Pup    ,Be*,109.576639,-36.73395359,248.7797484,-10.91169039,B2V+B3IVne          ,222.9883375
* f01 Ori      ,Be*,93.01366479,16.13040596,194.1344287,-1.117964693,B5Vn                ,223.9867263
HD 38769       ,** ,87.06106168,1.609696823,204.120683,-13.26162985,F2V                 ,237.1490713
HD 110335      ,Be*,190.485701,-59.68582123,301.7322024,3.163808724,B5III               ,238
HD 171780      ,Be*,278.8062707,34.45801805,63.04275793,18.05115254,B5Ve                ,241
HD 35439       ,Be*,81.18677894,1.84644511,200.9580446,-18.28918773,B1Vn                ,259.5942365
HD 37330       ,Be*,84.47272965,0.968605648,203.4273281,-15.84168764,B5III               ,264.6616179
HD 144965      ,Be*,242.5439805,-40.12882358,339.042737,8.417438961,B3Vne               ,266
HD 157246      ,Be*,261.3485805,-56.37772633,334.6447045,-11.47857052,B1Ib                ,272.2010907
* ups02 Pup    ,Be*,109.6591097,-36.7427377,248.8171355,-10.85603889,B3Vne               ,279.3294357
HD 183537      ,Be*,292.3370726,20.27973842,55.20259321,1.179396809,B5Vn                ,288
* pi. Aqr      ,Be*,336.3192619,1.377398494,66.00671827,-44.73943722,B1III-IVe           ,289.8059142
* iot Ara      ,Be*,260.8169788,-47.46819849,342.0137135,-6.328382634,B2(V)nne            ,292.9914712
HD 58343       ,Be*,111.1674476,-16.20147202,231.087186,-0.214055768,B2Vne               ,293.6635476
HD 86612       ,Be*,149.7762663,-23.95076955,259.7704473,24.13806623,B5Ve                ,297.6392974
HD 217050      ,Be*,344.2687573,48.68406701,104.2202382,-9.988459043,B4IIIpe             ,298.3302755
* omi Pup      ,Be*,117.021535,-25.93717008,242.2460168,-0.207660093,B1IVe               ,308.600255
HD 78764       ,Be*,136.4098861,-70.53849534,286.1907622,-15.42955245,B2(IV)n             ,309.9556058
HD 152478      ,Be*,254.0368326,-50.67479198,336.7829783,-4.635985938,B3Vnpe              ,310.6657441
HD 93237       ,Be*,160.4646618,-79.78328732,297.1846674,-18.38867116,B5III               ,318
* ome Ori      ,Be*,84.79644299,4.121466521,200.7341072,-14.03217951,B3Ve                ,320.4611811
HD 209522      ,Be*,331.1531962,-26.82235909,23.57903466,-53.00606466,B4IVe               ,323.3307602
* 105 Tau      ,Be*,76.98097949,21.70481949,181.3428164,-11.08548696,B2Ve                ,325.3315895
HD 58155       ,Be*,110.7529057,-31.92377842,244.8550273,-7.896440666,B3V                 ,327.6643142
* kap01 Aps    ,Be*,232.8784188,-73.38959282,313.8530847,-14.01154421,B2Vnpe              ,328.331379
HD 21650       ,Em*,52.81532804,41.72645513,152.2568169,-11.86836088,B5                  ,332
HD 42054       ,Em*,91.76528998,-34.31202069,240.834783,-23.48380846,B5Ve                ,337
HD 174886      ,Em*,283.3103148,-10.22013125,24.01636697,-5.036892889,B3Vne               ,340.7363085
* 27 CMa       ,Be*,108.563383,-26.35250867,238.9726629,-7.073714277,B3IIIe              ,341.6147132
HD 167128      ,Be*,274.2813825,-56.02335767,338.3856523,-17.6946785,B3II/III            ,344.3128264
HD 131492      ,Be*,224.1832808,-62.78101609,316.7113055,-3.310690205,B2IV/V              ,352.0334867
HD 174237      ,Be*,281.6795373,52.98795842,82.44513058,22.03294768,B3+F5III            ,356.666203
HD 200775      ,Ae*,315.403827,68.16326945,104.0615894,14.19251342,B2Ve                ,361
* z Pup        ,Be*,113.4626752,-36.33839085,249.8536315,-7.948219486,B2Vne               ,364.9898954
HD 36012       ,Be*,82.20190431,2.164716086,201.1891444,-17.24895706,B2Vne               ,374
HD 194335      ,Be*,305.9348716,37.47644646,76.03652306,0.034884976,B2IIIe              ,377
HD 45871       ,Be*,97.16351048,-32.37127735,240.4738059,-18.58670759,B3Ve                ,378.6635958
HD 90490       ,Be*,156.317447,-58.87246033,285.001531,-1.185950444,B5Vne               ,385
HD 35165       ,Be*,80.32025034,-34.34504778,238.067256,-32.61043471,B2Vnpe              ,386.332254
HD 171406      ,Be*,278.3459945,30.89211195,59.41175422,17.11037613,B4Ve                ,388
* 19 Mon       ,bC*,105.7282361,-4.239232689,218.0122733,0.61386346,B2Vn(e)             ,388.7742483
HD 174179      ,Be*,281.9890574,31.75683604,61.47917419,14.56553104,B3IVp               ,394
HD 131168      ,Be*,223.3421517,-45.8557517,324.1009874,11.94455357,B2Ve                ,397.6658264
HD 37903       ,Em*,85.40995392,-2.259021162,206.8512476,-16.53750493,B3IV                ,401
HD 172252      ,Be*,279.9160262,-11.87862286,21.02296455,-2.816460972,B0V:e               ,401.165076
HD 66194       ,Be*,119.7106288,-60.82445982,273.9268996,-15.80497931,B3Vn                ,402.6491294
HD 62533       ,*  ,115.9460989,-18.0119848,234.8860329,2.902769716,B3Vne               ,410
HD 133495      ,Be*,226.875282,-60.77682792,318.7933628,-2.166046958,B3V(n)              ,413.1747507
HD 55271       ,Be*,107.8372228,-21.80328852,234.5895449,-5.604614137,B3Vne               ,413.3313233
HD 224559      ,Be*,359.6934963,46.41317853,113.5529695,-15.49729898,B4Vne               ,414
* 25 Cyg       ,Be*,299.9799814,37.04288747,73.07289972,3.759499757,B3IVe               ,415.2906442
HD 69404       ,Be*,123.7134987,-46.48589076,262.5754478,-6.461581094,B2Vnn               ,417
HD 168797      ,Be*,275.3683377,5.435710616,34.3902226,9.131642806,B2Vne               ,417.3312625
HD 69168       ,Be*,123.4402135,-46.57868482,262.5504311,-6.669761401,B2V                 ,419.6657654
* 6 Cep        ,Be*,319.8425844,64.87185614,102.7378596,10.68886927,B3IVe               ,425.9367811
HD 77320       ,Be*,135.0927309,-43.17399313,264.8165913,1.959352408,B2Vnn(e)            ,427.6659679
HD 129954      ,Be*,222.1856237,-66.59356183,314.2209543,-6.328050631,B2V                 ,430
HD 201733      ,Be*,317.4942978,45.50255336,87.69750656,-1.677427313,B4IVp               ,433
HD 180126      ,Be*,288.7559707,9.807618979,44.33883455,-0.711698761,Be                  ,437.99412
* sig Ori E    ,Y*O,84.6966875,-2.594587474,206.8161767,-17.32447029,B2IV-Vp_He          ,439.3302523
* 120 Tau      ,Be*,83.3817917,18.54023072,187.3900931,-7.837646547,B2IV-Ve             ,441.2811344
HD 62753       ,Be*,115.9496381,-40.30932292,254.3179225,-8.121566133,B2Vn                ,442
HD 130287      ,Be*,222.6423254,-66.2593497,314.5342536,-6.108844765,B5IV                ,444.3326244
HD 198625      ,Em*,312.4776806,46.66133747,86.28377345,1.705923702,B4Ve                ,449.6659607
HD 160319      ,Be*,265.0994755,-28.92320232,359.4102808,0.978761938,B3Vne               ,452.6659784
HD 201522      ,Be*,317.1234596,47.25704801,88.81182048,-0.298147488,B5V                 ,456
HD 161756      ,Be*,267.1159855,-26.97494506,2.002648077,0.479852078,B3Vn                ,460.6653532
* r Pup        ,Be*,123.3729883,-35.8995184,253.5765992,-0.844475297,B2ne                ,464.9345156
* 228 Eri      ,Be*,67.27885746,-13.04836999,208.7790876,-37.40290728,B2(V)ne             ,469.975113
HD 154218      ,Be*,256.4289871,-36.74052196,348.8469552,2.561137543,B3Vne               ,473
HD 58050       ,Be*,111.115203,15.51719911,202.532172,14.18921297,B2Ve                ,475.6652578
HD 105521      ,Be*,182.2274539,-41.23160299,294.3884517,20.93357476,B3IVe               ,477.9314659
HD 88661       ,Be*,152.9435787,-58.06054336,283.0813952,-1.480419829,B5Vne               ,478.9910324
HD 42406       ,Em*,92.65308971,3.871717104,204.7771028,-7.270378297,B5V                 ,480.3318702
* 60 Cyg       ,Be*,315.295535,46.15577267,87.15483149,-0.10282923,B1Ve                ,487.9737542
HD 60855       ,Be*,114.0162213,-14.49277295,230.9053763,3.015939016,B2Ve                ,489.3200059
HD 181308      ,Em*,290.0214737,-1.59635532,34.78186586,-7.101018103,B5Vnne              ,491.3318196
HD 2789        ,Be*,8.011840028,67.16113257,121.0468014,4.360383011,B3Vne               ,502
HD 159845      ,Be*,264.4784056,-24.96582613,2.469674797,3.552369328,B3III               ,502.3320554
BD+40 4353     ,*  ,313.5671653,40.83714168,82.30225116,-2.617807113,B2Ve                ,507
HD 84375       ,Be*,145.4054243,-68.50498737,286.9258282,-11.75695836,B3(III)p_sh         ,508.6656295
HD 197419      ,Be*,310.5930144,35.45619344,76.63708018,-4.177969783,B2IV-Ve             ,509
HD 67698       ,Be*,122.0806597,-23.61778741,242.6629945,4.920517364,B3Ve                ,514
HD 168957      ,Be*,275.3657077,25.0567779,52.71486028,17.35334991,B3V                 ,514.3322075
HD 91307       ,Be*,157.742585,-61.61345525,287.0355826,-3.156066639,B5V                 ,515.3323287
HD 184279      ,Be*,293.4038206,3.761331905,41.1481478,-7.619922794,B0V                 ,515.9753493
HD 13867       ,Be*,34.14999974,49.81986907,136.7274607,-10.75699086,B5IIIe              ,517.3471605
HD 178175      ,Be*,287.06959,-19.29028869,17.35469099,-12.25750863,B2Ve                ,519.2374208
HD 119423      ,Be*,206.326656,-66.75466378,308.2215393,-4.437750185,B3Vne               ,519.332316
HD 171754      ,Em*,279.3070471,-19.40499794,14.03004311,-5.709505303,B5V                 ,522.3319458
HD 61925       ,Be*,114.9916302,-37.57942326,251.540753,-7.460965775,B5IV                ,534.3317748
HD 65930       ,Be*,119.7530397,-48.3763117,262.7771601,-9.733764762,B2III/IV            ,537
HD 344313      ,Be*,291.1907139,22.7746214,56.89289082,3.302827415,B2V:pe              ,544.666393
HR 7335        ,*  ,289.7655859,33.38880875,65.79867005,9.298825116,B2IVe               ,546.331821
BD+34 113      ,*  ,11.643511,34.82882543,121.8011264,-28.03224516,B2III:e             ,547
HD 55135       ,Be*,107.836863,-10.42882648,224.4696612,-0.378008278,B3Vnne              ,547.3316056
* 8 Lac A      ,Be*,338.9678446,39.63432791,96.37554184,-16.14606884,B1IVe               ,549.6530997
HD 170235      ,Be*,277.3416075,-25.25660585,7.952261241,-6.728156914,B1Vnne              ,551.6656173
HD 48917       ,Be*,101.1186162,-31.07052282,240.5252737,-14.98036688,B2V                 ,561.2621218
HD 89884       ,Be*,155.4975037,-18.0344796,259.9944447,32.1039668,B5III               ,562.3316745
HD 170682      ,Be*,277.8508792,-19.15861953,13.62382262,-4.373030882,B5II/III            ,568.3313119
HD 56039       ,Be*,108.7496365,-11.87040835,226.1621691,-0.253040312,B5IV                ,574.3317205
HD 43122       ,Be*,93.20791119,-37.08147771,244.0954554,-23.20197643,B1Ve                ,575.6566388
HD 183362      ,Be*,291.9016513,37.94119559,70.71337128,9.790955187,B3Ve                ,580.3316364
HD 160202      ,Be*,265.0043304,-32.20106565,356.5890784,-0.69232389,B5Ve                ,593.9931176
HD 11606       ,Be*,28.9285567,59.27345019,131.0706208,-2.578833459,B2Vne               ,596.3315891
HD 205060      ,Be*,322.903802,42.70075853,88.45045402,-6.406006294,B5                  ,597.9953907
HD 208682      ,Be*,328.8791657,65.3208095,105.886841,8.44944199,B2Ve                ,598.9932675
HD 46131       ,Be*,97.6605097,-22.3218115,230.958183,-14.34672925,B3Ve                ,599.6651483
HD 124834      ,Be*,214.9890439,-73.96844587,309.0408299,-12.15583322,B3III/IV            ,601
HD 172579      ,Be*,280.7214549,-39.28567599,356.2234973,-15.24959096,B5III/IV            ,604.5368738
HD 177648      ,Be*,286.1604366,23.32928223,55.26311839,7.67304063,B2Ve                ,609.6655777
HD 44506       ,Be*,95.15099999,-34.14414312,241.6260816,-20.77705599,B3V                 ,618.6332462
HD 51354       ,Be*,104.4287607,17.90201273,197.5498842,9.40184685,B3ne                ,618.6647601
HD 187567      ,Be*,297.5728291,7.902415016,46.83117312,-9.276788585,B2IVe               ,619.6651271
HD 50938       ,Be*,103.6496162,-17.91718918,229.3189057,-7.388817196,B3Ve                ,620.994839
HD 136968      ,Be*,231.4802103,-53.77102604,324.6001857,2.472084001,B5Vne               ,621.9821054
HD 45677       ,Be*,97.07259157,-13.05309183,222.0883282,-10.97632028,B2IV/V[e]           ,624.9954909
HD 183261      ,Em*,291.9752687,20.24738228,55.0119847,1.462124361,B3II                ,629.9771462
HD 216851      ,Be*,343.9461008,43.55928954,101.7158215,-14.49697567,B3V:n               ,633.9970921
HD 162568      ,Be*,268.4149719,-42.89751728,348.7629569,-8.496655746,B3Vn(e)             ,634.6644462
HD 170835      ,Be*,278.0685009,-19.21717472,13.66580331,-4.582602895,B2Ve                ,639.6650144
HD 40978       ,Be*,91.16003785,46.58511362,166.3980591,11.95786123,B3Ve                ,640.9936993
HD 57539       ,Be*,110.3942991,-5.897193717,221.6330268,3.970097433,B3IV                ,640.9943238
BD+63 82       ,Em*,10.75532171,64.11044475,122.0131121,1.253711075,B5                  ,649.332576
HD 15238       ,Be*,37.43139484,60.67737182,134.6821524,0.067659792,B5V                 ,651.6657796
HD 169805      ,Be*,276.8000276,-18.95372281,13.34813395,-3.396866017,B2Vne               ,654.9953057
HD 85083       ,Be*,146.8917045,-58.18797642,280.6168792,-3.520342334,B5III               ,659.6649515
BD+05 4285     ,Em*,296.5564998,5.988133663,44.63903185,-9.32410001,B5                  ,661.994962
HD 153261      ,Be*,255.4474486,-58.95824838,330.6623449,-10.33460818,B2IVne              ,664.9843795
HD 153575      ,Em*,255.480602,-37.30147523,347.9404753,2.822132367,B0III/IV            ,664.9967062
HD 67341       ,Be*,121.3345973,-46.97840878,262.1156528,-8.102588034,B3III               ,666.9949501
HD 67341       ,Be*,121.3345973,-46.97840878,262.1156528,-8.102588034,B3III               ,666.9949501
HD 49131       ,Be*,101.3799527,-30.94897966,240.5001441,-14.72668893,B1.5Vne             ,667.9816784
HD 204860      ,Be*,322.5037227,45.49418322,90.16600256,-4.177101654,Be                  ,669.3319726
HD 147302      ,Be*,246.0053047,-55.45371617,329.9943177,-4.179303371,B2(III)n            ,681.6650746
HD 156831      ,Be*,260.1774381,-24.27128118,0.90505041,7.205226434,B3Vnne              ,683.6551085
HD 139431      ,Be*,234.9401408,-42.76745514,332.9137098,10.09592686,B2Vne               ,684.9940002
HD 128293      ,Be*,219.8819341,-68.2033874,312.726925,-7.41167349,B2Vne               ,687.6334529
HD 199356      ,Be*,313.8463042,40.30002651,82.02753354,-3.125914887,B2IVp               ,687.9956636
HD 88825       ,Be*,153.2547783,-59.91808576,284.2722134,-2.915780753,B5(III)e            ,687.9957711
HD 38010       ,Be*,85.91275025,25.43954667,182.7533513,-2.200181591,B1Vep               ,700.9818055
HD 71072       ,Be*,126.2516526,-12.76478397,235.5645827,14.11466782,B4III/IV            ,701.3217235
HD 154538      ,Be*,257.1315445,-49.46776228,338.9569284,-5.479612083,B3V                 ,704.996085
CD-58 3888     ,Em*,167.6868466,-59.04827528,290.2920896,1.33005616,B5                  ,708.3316769
HD 114981      ,Be*,198.669519,-38.65157023,307.8962723,23.99605935,B5V                 ,712.9935042
HD 155352      ,Be*,258.2516198,-42.63345742,344.9467587,-2.074120802,B2V                 ,720.7692783
* 12 Aur       ,Be*,79.11284347,46.41605958,162.221759,4.773527362,B2Ve                ,721.6558118
HD 67888       ,Be*,122.1568437,-37.68122097,254.5361745,-2.634145688,B3V                 ,721.6651984
HD 174775      ,Em*,283.2394237,-19.66837992,15.44274696,-9.150622157,B5Ve                ,723.995263
HD 66700       ,Em*,120.8772699,-31.68784286,248.9135837,-0.302445644,B5IV/V              ,723.9957499
HD 153102      ,Em*,254.7794831,-38.56601679,346.6017895,2.480686329,B3II/III            ,724.9537055
HD 186456      ,Be*,296.0660559,7.588223187,45.81880585,-8.125076585,B5                  ,727.6649343
HD 191639      ,Be*,302.7919916,-8.842345215,33.96788972,-21.70911886,B2II                ,731.9835269
HD 146463      ,Be*,244.8093122,-54.96170093,329.8604929,-3.348679734,B3Vnne              ,738.3244243
HD 68468       ,Be*,123.0016441,-14.16898617,235.0572499,10.69190238,B4sek               ,738.9945558
HD 13669       ,Be*,33.76086085,55.79322226,134.5499931,-5.181182601,B3IV-V              ,739.9961491
HD 239712      ,Be*,324.2485042,58.14016632,99.53008018,4.398131652,B2Vnne              ,742
HD 203731      ,Be*,320.7131242,40.69724218,85.86452723,-6.703624862,B1Vne               ,744.6655449
CD-60 4575     ,Be*,198.7917039,-60.96686731,305.8083616,1.772287926,B1IIIne             ,745.8729748
HD 235668      ,Be*,329.1876337,51.57604025,97.4935605,-2.454842322,B2                  ,753.3315314
HD 26420       ,Be*,63.1519278,42.11842665,157.9980905,-6.657961491,B3                  ,763.9953574
HD 187851      ,Be*,297.7697376,27.71690934,64.11830942,0.53610472,B2V:nn              ,764.617779
HD 37657       ,Be*,85.58277595,43.05958978,167.5682597,6.788634288,B3Vne               ,765.3027954
HD 49888       ,Em*,102.5337052,-12.58475297,224.0267108,-5.986266915,B5Iab/b             ,765.3241782
HD 218674      ,Be*,347.3197768,49.65061419,106.4698045,-9.927718821,B4V(e)              ,767.5138855
HD 143448      ,Be*,240.9352802,-60.49846475,324.5485183,-5.971404057,B1Ve                ,772.3255025
HD 160095      ,Em*,264.8768837,-33.5530279,355.3869342,-1.320469251,B3V                 ,776.9847776
HD 157099      ,Be*,260.8065255,-42.82922442,345.8665704,-3.722203095,B3Vne               ,778.3237833
HD 13661       ,Be*,33.72127805,54.53172116,134.9327511,-6.384047987,B2IV-Ve             ,779.982618
HD 154243      ,Be*,256.4701892,-36.58819322,348.9885681,2.626583874,B3Vnne              ,785.32356
HD 198512      ,Be*,312.1365434,53.90610315,91.79283395,6.433974013,B1Vnnpe             ,797.5771101
HD 172122      ,Be*,279.8006242,-20.33571323,13.40309693,-6.542043326,B3II                ,798.3241035
BD+71 1238     ,Em*,358.7932155,72.46028479,118.6658498,10.05618015,B5                  ,803
HD 218393      ,Be*,346.7758835,50.19235809,106.3591735,-9.291945219,B3pe+K1III          ,804.3320853
HD 52356       ,Be*,104.9356227,-28.39971479,239.4077577,-10.8660235,B3V(n)              ,804.9963288
HD 118246      ,Be*,203.930521,-6.156128353,322.3911933,55.03374496,B3III               ,805.7901742
HD 216629A     ,Ae*,343.315012,62.145839,109.600426,2.372658,B3IVe               ,808
HD 216629      ,Ae*,343.3150162,62.1458261,109.6004217,2.3726453,B3IVe+A3            ,808
HD 203025      ,Be*,319.3282869,58.61148021,97.99730498,6.530469416,B2IIIe              ,808.9297817
HD 65079       ,Be*,119.266643,2.9508454,217.8723495,15.93386579,B2V(n)(e?)          ,813.3068681
HD 42908       ,Be*,93.4257436,8.712390336,200.8518533,-4.308229399,B2Ve                ,814.9337414
HD 59498       ,Be*,112.3449022,-21.86921677,236.6024311,-1.933334856,B5IV/V              ,815.3236312
HD 198931      ,Be*,313.0404853,44.43460808,84.81600568,-0.014505632,B1Ve                ,817.6954854
HD 156468      ,Be*,259.8506239,-38.00368136,349.4257055,-0.380508902,B2(V)ne             ,818.9832974
HD 73834       ,Be*,129.2195596,-63.62760554,278.7723047,-13.47341666,B5ne                ,820.6652239
HD 91188       ,Be*,157.5933856,-57.07738998,284.6417421,0.698278074,B3III               ,821.6580287
HD 170638      ,Em*,277.9603298,-30.06917335,3.847239721,-9.363097554,B3II/III            ,824.9856019
HD 277301      ,Em*,75.14272671,39.48084155,166.0554573,-1.694265463,B5                  ,832.9863388
HD 236737      ,Em*,21.77460974,57.72180468,127.6959985,-4.819710393,B3                  ,833.3259423
HD 50868       ,Be*,103.8068694,5.434012225,208.5212647,3.31529594,B2Vne               ,851.3107562
HD 175863      ,Be*,283.4362367,60.01787147,90.05758561,22.98484766,B4Ve                ,862.9963069
HD 157127      ,Em*,260.8043801,-38.54893474,349.4036649,-1.306465005,B3(V)nn(e)          ,863.9814648
HD 23982       ,Em*,58.30183597,63.48343933,141.6438657,7.425203098,B5                  ,865.3316178
HD 106881      ,Be*,184.465112,-69.21950714,299.9435272,-6.542810852,B3Vnn               ,868.9957749
HD 198895      ,Be*,312.7916124,55.48874209,93.27371174,7.13082874,B1Ve                ,872.6655662
* 56 Eri       ,Be*,71.0221702,-8.503568824,205.7222104,-32.12326375,B2(V)nne            ,880.6083951
HD 217061      ,Be*,344.1772912,62.62488112,110.168781,2.631123916,B5                  ,884.529702
HD 128588      ,Be*,220.0228185,-59.93135177,316.1547283,0.121255551,B3Vne               ,888.3269879
HD 120958      ,Be*,208.3676142,-39.05720088,315.8948961,22.24802547,B3Vnne              ,889.246655
HD 29557       ,Be*,69.56738999,-24.65855519,223.6540523,-39.36170014,B3Ve                ,892.3258832
HD 44637       ,Be*,95.85283989,15.10178724,196.3370496,0.801265133,OB-e                ,894.8542513
HD 22298       ,Be*,54.50431674,55.17086271,145.2364204,-0.317599624,B2Vne               ,904.9958651
HD 7636        ,Be*,19.35955349,57.63207114,126.4200596,-5.063480692,B2IIIne             ,905.6592628
HD 241344      ,Em*,77.82646376,21.72330422,181.7873839,-10.43235259,B3                  ,909.9850255
HD 193009      ,Be*,304.2007582,32.37983174,71.03089563,-1.680998972,B1V:nnpe            ,909.9883426
BD+60 358      ,Em*,27.41102645,61.05044753,129.9183896,-1.029288713,B5                  ,911.6655009
HD 39340       ,Be*,88.27538748,26.44540112,182.9877758,0.138677393,B3V                 ,913.2905808
HD 239601      ,Em*,318.0203017,56.71854793,96.1315031,5.736225827,B5                  ,913.3322696
HD 20340       ,Be*,48.94110105,-16.82875133,203.3589205,-55.13279134,B3Ve                ,913.967356
HD 142237      ,Be*,239.0248827,-54.95265223,327.4078242,-1.108262753,B1Vne               ,914.9960906
HD 59497       ,Be*,112.3665442,-21.85862082,236.6027285,-1.910627907,B2(V)ne             ,915.6451523
HD 239667      ,Em*,321.4932805,60.1618829,99.88729248,6.838376337,B5                  ,916.665793
HD 76534       ,Be*,133.786278,-43.46663476,264.4189439,1.04774921,B2Vn                ,918.996142
HD 76985       ,Be*,134.1964125,-59.52000269,276.9065918,-9.101957479,B5Vn(e)             ,919.6652679
HD 51285       ,Em*,103.9285023,-24.6788311,235.5939383,-10.09610173,B2V(n)              ,920.3249812
HD 62729       ,Em*,116.2198165,-16.12223322,233.3728072,4.068236313,B2V                 ,921.284555
BD+60 2405     ,Be*,337.7914348,61.60951311,107.0535341,3.140780046,B3V:nn              ,923.6658379
HD 54309       ,Be*,106.8441137,-23.84071513,236.0060608,-7.338970154,B3Vne               ,924.0699485
HD 172694      ,Be*,280.569046,-15.85578621,17.75734777,-5.184746908,B2Ibe               ,924.3085487
HD 146444      ,Be*,244.6640887,-49.4138746,333.6849499,0.672984569,B2Vne               ,924.6585792
HD 134401      ,Be*,228.3006492,-65.96918622,316.6940342,-6.960665858,B2Vne               ,926.3237121
HD 239745      ,Em*,325.8519353,57.02315345,99.43697636,2.991804173,B1V                 ,931.6593926
HD 97151       ,Be*,167.5097323,-60.09513639,290.6067916,0.327585111,B2Ve                ,931.9964539
HD 154111      ,Be*,256.5627471,-52.4822012,336.3031258,-6.981497366,B5IV/V              ,933.985609
HD 20017       ,Be*,48.73046525,48.69579526,145.9026464,-7.671037969,B5Ve                ,934.3111487
BD+43 3913     ,Be*,321.2601826,44.45177006,88.80561291,-4.318326587,B1.5V:nnep          ,934.9962569
HD 133518      ,*  ,226.7332177,-52.0297886,323.0821482,5.460585554,B2IVpHe             ,938.9138926
HD 178720      ,V* ,287.4079187,0.924859727,35.8336051,-3.623992122,B2III/IVn(e)        ,938.9677445
HD 146596      ,Be*,244.9277798,-52.77194066,331.4494345,-1.838544793,B5IV/V              ,939.9692946
HD 153222      ,Be*,255.1195267,-49.2541336,338.3349359,-4.30545123,B1Ib/IIIe           ,941.9851847
HD 194883      ,Be*,306.3867158,54.68420167,90.4150302,9.595859808,B2Ve                ,944.9390282
HD 19243       ,Be*,47.22574171,62.38459151,138.1317086,3.641195652,B1V:e               ,946.8706124
HD 104722      ,Be*,180.8860242,-61.09829884,297.1760607,1.237080126,B2Vne               ,953.9867531
HD 52812       ,Be*,105.3900299,-27.22294252,238.5003088,-10.00006878,B2V                 ,954.9867624
HD 171348      ,Be*,278.8352994,-22.09093625,11.4178408,-6.52364908,B2Vnne              ,958.2660831
HD 206773      ,Be*,325.6007731,57.73605307,99.80089367,3.619945398,B0V:pe              ,958.665588
HD 209145      ,Be*,329.8319566,60.29766229,103.1146048,4.226645715,B1V                 ,963.996469
HD 204116      ,Be*,321.1264275,55.36672731,96.37627718,3.550686436,B1Ve                ,972.9963005
HD 181231      ,Be*,289.9265404,-0.049856793,36.12281207,-6.309137644,B5III               ,979.3117502
HD 206135      ,Be*,324.2377259,68.18536079,106.3807593,11.81273678,B3V                 ,979.9964058
HD 103574      ,Be*,178.840264,-63.70355117,296.7689761,-1.50481354,B2V                 ,983.9884671
HD 106309      ,Be*,183.5073783,-59.39689687,298.1794641,3.129231622,B2IVne              ,984.6485952
BD+44 3511     ,Em*,308.6526293,45.36064159,83.62257781,3.000857718,B5                  ,985.6655866
HD 13590       ,Be*,33.80403628,64.02445067,131.9490608,2.629232099,B2III               ,986.9969585
HD 166566      ,Be*,272.9621229,-15.67985703,14.50584216,1.37790527,B2Ve                ,987.5044259
HD 245546      ,Be*,84.40915153,23.14745669,183.9791694,-4.573835501,B5ne                ,988.3112791
HD 166345      ,Em*,272.9097038,-32.4041926,359.7668568,-6.576214849,B3Vn(e)             ,997.5596597
HD 246338      ,Be*,85.49734104,29.52263374,179.0853071,-0.366968887,B3e                 ,999.1904698
HD 113120      ,Be*,195.7722475,-71.47573013,303.8675486,-8.62514926,B2IVne              ,999.8364798
HD 174705      ,Be*,283.0688909,-11.63259223,22.64191437,-5.458707082,B2Vne               ,1019.736671
HD 159848      ,Em*,264.6381172,-37.90901668,351.59196,-3.473893596,B3(V)nne            ,1019.943501
HD 315032      ,*  ,271.0626116,-24.39103219,6.02458425,-1.29453412,B2Vne               ,1022.848758
HD 172256      ,Be*,280.0458714,-22.66383466,11.40324982,-7.781052187,B1Ve                ,1024.726811
HD 134958      ,Be*,228.8173885,-58.1728863,320.9711707,-0.43058707,B1IIIne             ,1025.97059
HD 85567       ,Be*,147.6189063,-60.96748627,282.6797865,-5.426046969,B5Vne               ,1030.997133
HD 54086       ,Be*,106.7179365,-14.69842408,227.76033,-3.31172263,B5III               ,1032.598314
HD 293471      ,Em*,107.5652687,-2.389215155,217.2093593,3.092125417,B5                  ,1032.947767
BD+41 4366     ,Em*,331.005567,42.52488682,92.93603142,-10.38997423,B5                  ,1032.997634
HD 345122      ,Be*,298.2142532,22.23962284,59.61594007,-2.610836847,B3Ve                ,1033.327677
HD 13890       ,Be*,34.28423082,56.76975254,134.5100636,-4.163136013,B2.0III             ,1036.228144
CD-44 4357     ,Be*,125.8333787,-44.96566335,262.1392681,-4.385063816,B5                  ,1038.660044
HD 149313      ,Be*,248.9527554,-42.12290545,341.0132874,3.577531056,B2Ia/be             ,1041.971065
BD+61 310      ,Be*,25.50386938,61.79544341,128.8703773,-0.491759644,B3                  ,1043.66098
HD 39478       ,Be*,88.49936725,26.42252894,183.1092373,0.299909128,B2Vn                ,1044.969152
HD 190467      ,Be*,300.9233208,36.42559838,72.94669472,2.791666355,B5II:n              ,1044.986502
BD+46 3264     ,Em*,319.5908779,47.28315565,89.98460762,-1.493352754,B2                  ,1048.997055
HD 231745      ,Em*,293.1898339,16.41252215,52.20074929,-1.389778095,B5                  ,1050.658978
BD+47 3656     ,Em*,330.2554272,48.18401734,95.96536382,-5.562114846,B3                  ,1054.647531
BD+60 2600     ,Be*,355.0773767,61.3454971,114.5107039,-0.357861928,B2                  ,1054.995981
HD 224869      ,Em*,0.348470038,60.35547167,116.7775493,-1.916920039,B2ne                ,1056.294452
HD 54575       ,Em*,107.1976417,-15.93414808,229.0731274,-3.465508806,B5III               ,1064.313383
HD 45260       ,Be*,96.52645802,-9.397399097,218.5058982,-9.863884082,B3ne                ,1066.947717
HD 98876       ,Be*,170.4766921,-63.4871703,293.1367801,-2.3310042,B5(V)n              ,1066.996463
HD 230579      ,** ,286.03342,11.10689,44.25693,2.26305,B3ek                ,1067.436294
HD 339184      ,Em*,298.7968039,26.58300912,63.61496786,-0.830478275,B3Ve                ,1069.973092
BD+58 610      ,Em*,52.7455643,59.24432831,142.0930807,2.443193217,B2III:              ,1073.996352
HD 148259      ,Be*,247.207865,-44.812617,338.1774635,2.672390312,B2II                ,1075.970942
HD 248390      ,Em*,87.93742421,26.42762698,182.8489773,-0.130823736,B5e                 ,1077.313771
HD 59773       ,Em*,112.687456,-21.80989292,236.7027202,-1.625804307,B3V                 ,1080.263591
HD 76568       ,Be*,133.7408671,-50.8639905,270.0543623,-3.748091964,B1(V)nne            ,1081.996093
HD 144320      ,Be*,241.999086,-55.13045918,328.5744856,-2.363469951,B1Vne               ,1083.986138
HD 288805      ,Em*,98.06834375,1.174697142,209.6962978,-3.725210111,B5                  ,1084.31152
HD 38116       ,Em*,86.15726247,29.016597,179.8182878,-0.14288661,B5                  ,1087.884722
HD 72043       ,Be*,127.5852853,-10.61623345,234.4181687,16.37262692,B5Vnne              ,1088.921409
HD 239510      ,Be*,312.8504884,57.06199432,94.52918985,8.093982582,B5                  ,1089.987961
HD 121556      ,Be*,209.490715,-59.88468834,311.1930142,1.915755966,B5(V)n              ,1094.27131
HD 220116      ,Be*,350.1429496,58.2776264,111.205089,-2.510103694,B2                  ,1094.64639
HD 147756      ,Be*,246.4424803,-45.54283687,337.2762829,2.554682401,B2(V)ne             ,1095.606415
HD 142349      ,Be*,239.2815072,-57.58021635,325.8238628,-3.210472559,B5Ve                ,1098.924998
HD 152004      ,*  ,253.2775311,-47.58158377,338.8826816,-2.307352623,B3III/Vne           ,1098.952863
HD 253084      ,Em*,92.88902299,14.23887758,195.7363329,-2.1320562,B5e                 ,1100.275191
HD 152979      ,Be*,254.7366946,-46.12899493,340.6414201,-2.176936391,B2IVe               ,1100.952167
HD 52159       ,Be*,104.9276903,-11.15738709,223.8068485,-3.251739065,B3Vne               ,1105.991752
CD-26 12377    ,Em*,267.2435447,-26.89038919,2.133731298,0.425990011,B5                  ,1106.649423
HD 57910       ,Be*,110.6188415,-23.02560022,236.8671468,-3.885791803,B5V                 ,1109.973482
HD 157832      ,Be*,261.9783806,-47.02622198,342.8228123,-6.741585998,B2ne                ,1110.517165
HD 235565      ,Em*,324.4306522,51.4995329,95.17282691,-0.617454479,B2                  ,1115.660826
BD+69 48       ,Em*,12.84531654,70.16085639,122.927074,7.289106926,B5e                 ,1115.996225
HD 50737       ,Be*,103.4673668,-13.185864,224.9761161,-5.441042745,B2Vnne              ,1116.541216
HD 50083       ,Be*,102.940639,5.08440653,208.4411645,2.388002859,B3                  ,1117.973274
HD 21212       ,Be*,52.16330345,62.49299894,140.0086766,4.954770928,B2V:e               ,1117.987317
HD 45910       ,Be*,97.63723855,5.867001596,205.327289,-1.946778179,B2IIIe              ,1120.974344
HD 228941      ,Em*,304.9173702,40.88866589,78.39368325,2.625729531,B3                  ,1122.997128
HD 155851      ,Be*,258.8907089,-32.68973,353.3154934,3.32554591,B0Vne               ,1123.896773
HD 51477       ,Be*,104.2894984,-8.541963545,221.1879618,-2.623049242,B5Vne?              ,1124.606979
HD 179405      ,Be*,288.1677274,-6.458804333,29.56562699,-7.649157433,B2Vnne              ,1130.948292
BD+31 4218     ,Em*,311.7580624,32.15737841,74.62714764,-6.974009228,B2                  ,1132.326271
HD 316375      ,Em*,267.9282991,-27.96100175,1.526152552,-0.644740927,B5                  ,1133.62917
HD 148567      ,** ,247.761717,-46.479367,337.232841,1.245258,B2(II)ne            ,1138.922115
TYC 8325-5810-1,Be*,247.7617346,-46.4793683,337.2328485,1.2452484,B1IIIne             ,1138.922115
HD 153977      ,Be*,255.9313302,-24.83544444,358.1864538,10.03542019,B5II/III            ,1139.273005
HD 232971      ,Em*,67.92414319,53.8127809,151.9525099,3.8479326,B5                  ,1139.986545
HD 174571      ,Be*,282.6965619,8.702801642,40.61675686,4.099918347,B2                  ,1141.92383
HD 67924       ,Em*,122.2325703,-33.24637036,250.8424711,-0.176797605,B2III/IV            ,1142.314405
HD 156702      ,Be*,260.2108946,-38.65242624,349.0551162,-0.983358103,B1Ve                ,1143.273256
HD 13429       ,Be*,33.2521089,55.11099656,134.4910255,-5.919571462,B3V                 ,1146.971814
BD+37 1292     ,Be*,85.70994094,37.98409888,171.9744775,4.231769233,B3V:e:p:            ,1147.243974
HD 55394       ,Em*,108.0268491,-14.80070595,228.4333959,-2.234358031,B3V                 ,1147.999067
HD 101142      ,Be*,174.5212799,-45.13892102,289.5950269,15.82482804,B5III               ,1150.313814
* del Cen      ,Be*,182.0896767,-50.72241391,295.9964057,11.56830859,B2Vne               ,1155
BD+57 2376     ,Em*,325.639995,58.24422444,100.1501614,3.990377696,B5                  ,1158.660192
HD 151582      ,Em*,252.476117,-38.54460291,345.4847036,3.895191644,B3II/III(e)         ,1159.208606
HD 146531      ,Be*,244.9813151,-58.16718407,327.6644574,-5.692214511,B3Ve                ,1159.970503
BD+34 1110     ,Em*,84.11679193,34.14183931,174.551564,1.102145337,B2                  ,1160.278062
HD 150422      ,Be*,250.7810436,-46.50652274,338.6076141,-0.313967212,B1Vne               ,1168.609285
HD 85495       ,Be*,147.5611788,-58.04586628,280.7991107,-3.185472689,B4II/III            ,1168.648477
HD 166967      ,Em*,273.5341003,-25.31082827,6.30200199,-3.702507949,B2II                ,1169.771515
HD 227247      ,Em*,300.5969993,35.31142713,71.86075253,2.424956916,B1Vn                ,1170.166486
HD 165970      ,Em*,272.3163119,-19.72329688,10.66691968,-0.033888268,B5II                ,1170.975524
HD 149298      ,Be*,249.0490827,-49.26317877,335.7762021,-1.279260294,B2(II)              ,1171.972523
HD 150059      ,Em*,250.0615825,-39.46894968,343.5577151,4.72108195,B5Ib/II             ,1175.864543
HD 171757      ,Be*,279.4170445,-27.98560395,6.311319035,-9.600611583,B2nne               ,1179.248434
HD 164703      ,Em*,270.8514996,-22.30895415,7.74285557,-0.10260349,B5(IV)ne            ,1181.799934
HD 114800      ,Be*,198.5480208,-63.37373839,305.478145,-0.614536687,B2III/Vne           ,1182.312566
HD 154154      ,Be*,256.5296352,-48.41867498,339.5657364,-4.536722998,B1Vnne              ,1186.634043
HD 235683      ,Em*,329.808655,52.39724936,98.29897489,-2.038973794,B3                  ,1190.295483
HD 239703      ,Em*,323.5940693,59.47882776,100.1838752,5.615776192,B0                  ,1191.996334
HD 77032       ,Be*,134.3142181,-58.58601783,276.2193311,-8.458001058,B5Vne               ,1192.99019
BD+62 2346     ,Be*,0.352893497,63.50436467,117.3867517,1.172498904,B0V                 ,1193.295963
HD 351336      ,Em*,301.3181834,19.08811668,58.42784637,-6.72930022,B3                  ,1193.929999
CPD-24 6164    ,*iC,271.0999763,-24.35741914,6.07058086,-1.307708932,B1Ve                ,1194.248703
BD+61 623      ,Em*,55.08320536,61.84400878,141.5001763,5.223011432,B2                  ,1203.990087
HD 35345       ,Be*,81.43660038,35.64719839,172.0865982,0.09097552,B1Vpe               ,1209.217853
HD 33152       ,Be*,77.48513976,37.0044456,169.1413745,-1.726314077,B1Ve                ,1220.898841
HD 164533      ,Em*,270.580385,-19.60742927,9.969085803,1.44891343,B5II/III            ,1222.957552
HD 38708       ,Be*,87.2235392,29.13611532,180.1997575,0.715715231,B3/4Vn(e)           ,1233.548497
HD 159489      ,Be*,264.3076473,-45.15740109,345.2842528,-7.102205432,B1Ve                ,1239.174654
HD 2083        ,Em*,6.463496296,71.80712566,120.9136742,9.035701838,B1V                 ,1239.631319
HD 330950      ,Be*,248.681426,-49.55264516,335.4010522,-1.298006897,B1Ve                ,1240.245491
HD 164906      ,Be*,271.1076388,-24.38565827,6.049385594,-1.327637885,B0Ve                ,1240.906463
HD 226857      ,Em*,299.5488547,36.16407929,72.14063657,3.596571741,B3                  ,1240.989222
HD 25348       ,Be*,61.09016687,53.32904846,149.3844118,0.668854476,B1Vnnpe             ,1245.957846
HD 195407      ,Be*,307.4490157,36.98037976,76.33272703,-1.234678307,B1Ve_shell          ,1248.326206
HD 245493      ,Be*,84.46227185,33.96723308,174.8525606,1.249979827,B2III:e             ,1250.89772
HD 71934       ,Be*,126.9603443,-50.10002243,266.8060468,-6.701601553,B2(V)e              ,1251.314703
HD 94644       ,Em*,163.6741911,-54.56029415,286.4542983,4.533349931,B5III               ,1253.300237
BD+60 2493     ,Em*,347.3952836,61.46578753,111.0785699,0.96053202,B0                  ,1254.660193
HD 240018      ,Em*,339.9859992,57.32989434,105.8910993,-1.125609975,B5                  ,1254.989778
HD 114441      ,Be*,197.8730026,-55.35684241,305.8034175,7.403058167,B2Vnne              ,1259.532384
HD 227207      ,Em*,300.5013878,36.72924367,73.02497437,3.239882291,B5                  ,1261.318776
BD+44 1108     ,Em*,77.33356111,44.42103363,163.109754,2.593152897,B5                  ,1269.786394
HD 164105      ,Em*,270.1767062,-24.67712778,5.378094024,-0.734588044,B2III               ,1273.226762
HD 339483      ,Be*,301.0031115,26.27132131,64.38662474,-2.67595406,B3                  ,1284.990236
HD 288847      ,Em*,99.11611668,1.672576844,209.73372,-2.566058874,B5                  ,1293.959472
HD 116422      ,Be*,201.321887,-66.45421588,306.3096159,-3.80470986,B5(ep_sh)           ,1301.988907
HD 140843      ,Be*,237.1610889,-57.10395989,325.2402559,-2.116831841,B5III/IV            ,1302.285279
HD 239618      ,Be*,318.689512,59.76103026,98.60868478,7.560200738,B2Ve                ,1302.989099
HD 225095      ,Em*,0.863114975,55.55089844,116.1332891,-6.68615713,B2IVne              ,1303.301355
HD 50696       ,Be*,103.592293,0.181852983,213.1042278,0.735115801,B2Vnne              ,1303.736892
BD+04 4082     ,Em*,290.6981369,4.582648848,40.60820084,-4.850742245,B5                  ,1305.277206
HD 149729      ,Be*,249.8482418,-52.53594217,333.6768218,-3.841830011,B2V(n)              ,1305.379483
HD 277249      ,Em*,75.29603157,41.2616019,164.7227335,-0.507121031,B5                  ,1305.9367
HD 248753      ,Be*,88.3795922,25.74224428,183.6410723,-0.137713319,B1Vnne              ,1306.54152
HD 68570       ,Be*,122.9784064,-30.21189643,248.6460611,2.011319167,B2III               ,1311.957575
HD 344873      ,Be*,296.3026425,24.05113411,60.28822048,-0.177901134,B0II                ,1311.987165
HD 323154      ,Em*,260.7598037,-39.06462428,348.9584534,-1.569246567,B4IIe               ,1315.799251
BD+34 1113     ,Be*,84.17625686,34.20165192,174.5275871,1.175789096,B2                  ,1315.839057
HD 276738      ,Be*,71.46386257,43.99439608,160.8233099,-0.963829786,B5                  ,1317.904196
HD 165895      ,Em*,272.3229602,-24.69644621,6.315847636,-2.444713969,B5III/V             ,1319.784603
HD 166629      ,Be*,273.1602813,-27.14146089,4.527608318,-4.27735437,B5nne               ,1321.9957
HD 144555      ,Be*,242.2306114,-51.96195842,330.8137881,-0.116959948,B1Vne               ,1327.958679
HD 34921       ,HXB,80.64679676,37.67601119,170.0533694,0.710322347,B0IVpe              ,1334.840395
HD 55439       ,Be*,108.1450539,-9.84502814,224.0925915,0.16113829,B2Ve                ,1335.499911
HD 171469      ,Em*,278.9254101,-15.72281393,17.15710267,-3.714684779,B5V(e)              ,1336.910036
HD 75551       ,*  ,132.1433003,-50.37030791,269.0264618,-4.216778525,B2Vne               ,1339.320265
HD 277495      ,Em*,76.595171,41.770519,164.910738,0.574484,B5                  ,1342.562014
HD 276886      ,Em*,72.54683003,41.67719718,163.1070524,-1.851260837,B5                  ,1357.849108
HD 88263       ,Be*,152.3255685,-50.63959368,278.5150936,4.382982827,B2IIIe              ,1358.976016
BD+44 1051     ,Em*,73.95463652,44.25688306,161.762993,0.57965035,B5                  ,1361.560641
HD 257473      ,Be*,96.90062125,18.26325657,194.0054483,3.161952213,B5e                 ,1363.935894
BD+45 3377     ,Em*,315.7335016,46.27421741,87.44427058,-0.251475301,B5                  ,1363.989219
HD 117111      ,Be*,202.4773723,-65.50199613,306.9097694,-2.927807558,B2(V)ne             ,1365.283338
HD 155873      ,Em*,259.0432782,-42.79292487,345.1565752,-2.639653647,B0Ib                ,1369.596638
HD 15450       ,Be*,37.83139425,56.89782899,136.2855659,-3.361585866,B1IIIe              ,1369.616373
HD 239758      ,Be*,326.1417208,59.05714966,100.8802636,4.436249353,B2III:nn            ,1369.989466
HD 322282      ,Em*,253.6209606,-40.68815429,344.3850834,1.854041828,B0                  ,1378.948447
HD 63150       ,Be*,116.4797132,-36.49813289,251.1718253,-5.897083479,B1Ve                ,1386.979422
HD 289089      ,Em*,101.7706548,1.990398298,210.6640949,-0.060991765,B5                  ,1392.761064
HD 86272       ,Be*,148.7522831,-63.54134254,284.7221104,-7.09379693,B5Vn(e)             ,1393.231935
HD 322274      ,Em*,253.7022951,-40.64575616,344.4568893,1.832760715,B5                  ,1397.230523
HD 141926      ,Be*,238.5907013,-55.3289758,326.9762447,-1.23872,B2IIIn              ,1399.595333
HD 304082      ,Em*,169.8685061,-58.50576335,291.1490083,2.246293027,B5                  ,1402.981565
HD 33232       ,Be*,77.70084322,41.00289842,166.0219645,0.781111978,B2Vne               ,1404.767453
HD 44674       ,Be*,96.01621539,25.41700492,187.2593613,5.73506202,B1Vne               ,1405.115395
HD 166612      ,Em*,273.1564786,-28.23628554,3.559505083,-4.794361697,B5Ve+F0:III         ,1415.009084
HD 43703       ,Be*,94.66431739,23.00792903,188.8238373,3.52323861,B1IVp(e)            ,1420.881801
HD 139790      ,Be*,235.5825464,-49.99804774,328.8587929,4.070967792,B2(III)n            ,1420.916427
HD 48282       ,Be*,100.5539158,-10.49807891,221.2773297,-6.793151481,B3Ve                ,1422.916525
HD 100324      ,Be*,172.9611845,-68.05793585,295.5802653,-6.329550222,B2IIIne             ,1422.964495
HD 159684      ,Be*,264.3788041,-35.33306799,353.6617191,-1.923195488,B2Vne               ,1427.015256
HD 150288      ,Be*,250.5685805,-47.01564296,338.1283757,-0.539200597,B2Ve                ,1433.160914
HD 33604       ,Be*,78.30555753,40.19352922,166.9464578,0.674625118,B2V:pe              ,1441.847306
HD 148001      ,Be*,246.7794189,-43.38800454,338.9952587,3.879696014,B5II/III            ,1444.199075
CD-39 10861    ,Be*,253.870217,-39.430247,345.484496,2.495732,B3Ve                ,1444.717558
HD 316589      ,Em*,268.0781023,-30.04182245,359.8020344,-1.817715897,B5                  ,1457.201499
HD 57393       ,Be*,110.024558,-24.08551072,237.5536166,-4.861330286,B3Vnne              ,1461.918819
HD 303296      ,*iC,160.6043174,-59.15680566,287.0519871,-0.32211458,B1III               ,1462.138057
HD 71823       ,Be*,126.8673301,-47.72876251,264.8218119,-5.385075555,B3Vn                ,1463.289283
HD 67978       ,Be*,122.1731043,-42.05635795,258.2346197,-4.984851617,B2Vnn(e)            ,1463.91898
HD 259631      ,Be*,98.43090438,8.036110028,203.7666431,-0.246458301,B1Vnne              ,1466.209532
HD 194779      ,Em*,306.479488,41.3365894,79.43435928,1.915488006,B3II                ,1473.286743
HD 280814      ,Em*,79.08457991,35.3941081,171.2035064,-1.626245793,B3                  ,1476.130981
HD 111363      ,Be*,192.3645568,-60.69911777,302.6895348,2.171700522,B3III               ,1481.963433
HD 108418      ,Be*,186.941457,-64.57753835,300.3937778,-1.822510884,B5(V)n              ,1481.964398
HD 166188      ,Be*,272.5763312,-18.19482982,12.1237611,0.489887991,B3(II)e             ,1485.818837
HD 165133      ,Em*,271.3767282,-24.20358576,6.328287553,-1.452385408,B2III/IV            ,1488.856828
HD 171054      ,Be*,278.2861305,-13.91207496,18.48512547,-2.335540221,B2Ve                ,1499.377564
HD 322422      ,Be*,254.3497342,-40.36108499,344.9872363,1.626910017,B1Ve                ,1500.919509
HD 166443      ,Be*,272.851299,-20.71250121,10.04294709,-0.951079336,B1V:e               ,1512.218021
HD 236794      ,Em*,23.90145195,58.53867422,128.6818987,-3.839114031,B3                  ,1513.966465
CD-39 10855    ,Em*,253.8610809,-39.50201247,345.4241012,2.456244446,B2III               ,1516.986169
HD 224905      ,Be*,0.41097787,60.44992367,116.8260458,-1.830173854,B2                  ,1532.947114
HD 148688      ,s*b,247.9240397,-41.81714711,340.719738,4.347404675,B1Iaeqp             ,1536.363909
HD 151242      ,*  ,252.0070398,-40.3536114,343.8613994,3.013045812,B5(IIIe)            ,1542.863471
HD 88782       ,Em*,153.2737753,-51.09832602,279.270618,4.351254902,B5II                ,1549.85291
HD 168897      ,Em*,275.7096903,-17.44685319,14.20037788,-1.778645504,B2IV(nn)            ,1553.734811
HD 167375      ,Be*,273.9384639,-18.95335554,12.07726428,-1.006879024,B2III               ,1558.737801
BD+44 4014     ,Em*,330.0502971,45.59997655,94.27279038,-7.52924913,B5                  ,1561.922945
HD 49787       ,Be*,102.4813369,-5.51319537,217.6706412,-2.846204099,B1V:ep              ,1566.657665
HD 79811       ,Be*,138.6609205,-45.57601632,268.3119351,2.221483138,B5V                 ,1570.980642
HD 257366      ,Em*,96.70867894,10.93213609,200.4132087,-0.409797902,B3                  ,1581.685392
HD 156409      ,Be*,259.8201642,-39.80698312,347.9346467,-1.39529686,B2(II)ne            ,1583.047739
BD+29 3660     ,Em*,294.0438368,29.82127377,64.32236915,4.41558938,B5V                 ,1583.089931
HD 220058      ,Be*,350.0792285,55.80779835,110.3189026,-4.816450893,B2                  ,1584.623678
HD 110972      ,Em*,191.6458011,-59.35116864,302.3120854,3.514738565,B3                  ,1585.288253
HD 230211      ,Em*,284.3515987,14.40435425,46.45675931,5.220324467,B3                  ,1589.214821
HD 167722      ,Em*,274.319181,-19.7413087,11.55444394,-1.697327231,B2III               ,1607.752031
BD+61 302      ,Em*,24.44714277,62.54469415,128.2457751,0.152123865,B3e                 ,1609.92703
HD 205618      ,Be*,323.9353196,29.74552527,79.92451015,-16.34893625,B2Vne               ,1612.606936
HD 312984      ,Em*,273.3195607,-20.52123965,10.42119876,-1.243725297,B0                  ,1620.831611
HD 152060      ,bC*,253.2499195,-41.40758801,343.6501448,1.616882079,B2Ve                ,1623.742944
HD 72126       ,Be*,127.3362011,-43.84220607,261.8414623,-2.859815266,B2nne               ,1626.605612
HD 54464       ,Be*,107.1999717,-4.057456707,218.5246193,2.00143763,B2III/IV            ,1631.527525
HD 312973      ,Be*,273.9016442,-20.36782229,10.81650492,-1.64974375,B0                  ,1632.016444
HD 237299      ,Em*,70.35671648,57.90978775,149.8047539,7.5999538,B2                  ,1640.684006
HD 87380       ,Be*,150.7557803,-54.55844129,280.0511434,0.653343491,B1IVn               ,1644.87492
HD 313571      ,Ae*,270.2799088,-22.25112174,7.531970978,0.385889654,B3Ve                ,1649.416083
HD 51193       ,Be*,104.0795187,-3.807083271,216.8761034,-0.651363227,B1V:nn              ,1652.798373
V* LW Cen      ,bL*,174.383121,-63.34769245,294.7556604,-1.655218943,B1Ve                ,1656.518286
HD 229059      ,s*b,305.3140182,37.40863995,75.69920529,0.400672188,B2Iabe              ,1665.946895
HD 152291      ,Em*,253.6008371,-40.65249935,344.4031854,1.88834787,B1IIIe              ,1669.955625
HD 87203       ,Be*,150.4681403,-54.20586487,279.7059161,0.835576838,B5Ve                ,1677.87248
HD 167311      ,Em*,273.7995903,-12.50113179,17.68751888,2.184601657,B0Ib                ,1678.753012
HD 49585       ,Be*,102.2844083,0.08945165,212.5900769,-0.471014578,B5Ib/II(e)          ,1678.956763
CD-44 4392     ,Be*,126.324147,-45.16263722,262.500141,-4.213431453,B2IVe               ,1682.639886
HD 160886      ,Be*,265.7967246,-18.30232543,8.805082987,6.011957392,B3Vnne              ,1695.473965
HD 75661       ,Be*,132.2251088,-54.27294623,272.1138716,-6.622492534,B2Vne               ,1696.114351
HD 119682      ,Be*,206.6357115,-62.92337589,309.1550809,-0.71934869,B0Ve                ,1701.798053
HD 162717      ,Be*,268.3582061,-24.26542508,4.903902464,0.903732926,B2II                ,1706.713813
HD 165517      ,Be*,271.863546,-25.10458187,5.756539223,-2.277610739,B0Ia(n)             ,1718.688474
HD 72754       ,Be*,128.0974197,-49.60132447,266.8266937,-5.815157933,B2(Ia)pe(_sh)       ,1724.253049
HD 137518      ,Be*,232.0725851,-45.13496632,329.8070834,9.395976284,B1Vne               ,1728.066145
HD 259481      ,Em*,98.24739901,4.939582834,206.4309631,-1.835771118,B1Vnne              ,1742.611135
HD 59094       ,Be*,111.9625183,-16.09387615,231.3556434,0.508959638,B2(V)ne             ,1742.795632
HD 45626       ,Be*,97.09409553,-4.462148289,214.2933714,-7.158160088,B5Ib                ,1744.726395
HD 130437      ,Be*,222.7093873,-60.28621143,317.2160559,-0.768588095,B1Ve                ,1747.908502
HD 102154      ,Be*,176.2583935,-69.3668257,297.1069657,-7.249497918,B5II/III            ,1748.248272
HD 227415      ,Em*,300.9702914,35.56610264,72.23834102,2.302374988,B3                  ,1760.971001
HD 228953      ,Em*,304.980498,39.55672789,77.32084218,1.833798617,B3                  ,1770.271995
HD 38191       ,Be*,86.23431871,21.46068574,186.3079159,-4.022731611,B1V                 ,1772.756223
HD 87565       ,Be*,150.9615657,-59.85648942,283.2991948,-3.5351171,B4III/V             ,1773.117929
BD+56 624      ,Be*,36.6689926,57.09252634,135.6240417,-3.413681967,B3IIIe              ,1774.727577
HD 245950      ,Em*,84.98251066,27.48226983,180.5772137,-1.830831023,B3e                 ,1775.676052
HD 228461      ,Em*,303.526752,38.2439729,75.59897031,2.037900488,B1II                ,1779.64475
HD 174513      ,Be*,282.7906122,-7.798819656,25.95121755,-3.486591309,B2n(e)              ,1779.688239
HD 67632       ,Em*,122.0065654,-24.58695494,243.44653,4.34264159,B5V                 ,1782.442213
V* V455 Cyg    ,bL*,306.5871822,39.66946305,78.12207395,0.88350184,B2e?p?              ,1786.933492
HD 194057      ,Em*,305.4180179,44.81423167,81.84663666,4.541301745,B1Ib                ,1791.223845
HD 280493      ,Em*,76.82115677,35.68839146,169.8792084,-2.94060554,B3                  ,1800.085923
HD 83060       ,Be*,143.4266357,-57.16334785,278.5444063,-3.972525146,B2Vnne              ,1803.845099
HD 36665       ,Be*,83.66291881,28.05105113,179.4706406,-2.512108519,B1                  ,1807.949454
BD+61 2494     ,Be*,354.9496216,61.9283188,114.6112772,0.219415546,B3                  ,1807.954405
HD 225985      ,Be*,297.3871383,32.95619191,68.46696155,3.481544408,B1V:pshe            ,1809.769157
HD 79778       ,Be*,138.464037,-55.53965569,275.4389458,-4.748647891,B2Vne               ,1823.906947
HD 116849      ,Be*,202.03049,-66.27976661,306.615508,-3.670732809,B1Vpe               ,1851.227068
HD 52244       ,Be*,104.9435803,-16.20075711,228.3264304,-5.516982766,B2IVnpe             ,1859.648661
HD 74401       ,Be*,130.5015916,-47.66497251,266.2309957,-3.382043196,B1IIIne             ,1868.254621
HD 244610      ,Em*,83.17461877,26.78881913,180.2977528,-3.560398442,B3e                 ,1871.085289
HD 304946      ,Em*,152.5382972,-60.36207382,284.2338756,-3.484026702,B2                  ,1873.280994
HD 303887      ,Em*,167.717843,-58.21718404,289.9923109,2.105419168,B5                  ,1882.998587
HD 37318       ,Be*,84.74173572,28.46013745,179.6356512,-1.490757982,B1Vne               ,1886.00357
BD+49 3615     ,Be*,326.4673477,50.29248215,95.35192268,-2.370933039,B1V:                ,1888.93623
HD 163454      ,Be*,269.3831945,-31.01506102,359.5270935,-3.279034173,B1IVne              ,1893.312659
HD 150660      ,Em*,251.3077999,-53.94480655,333.1844924,-5.42512219,B3e                 ,1893.53361
BD+52 131      ,Em*,9.610091469,53.34735647,120.9659981,-9.474772917,B5                  ,1893.848264
HD 187350      ,Be*,297.389391,-1.101033382,38.67141954,-13.41518598,B1Vne               ,1894.777234
BD+56 502      ,Be*,34.63657036,57.21102774,134.5465311,-3.683300194,B1.0V               ,1898.596615
HD 145107      ,*  ,242.9148559,-51.61934347,331.3571355,-0.152733249,B5II/IIIe           ,1902.009106
HD 298298      ,Be*,137.1144024,-52.57774011,272.7256269,-3.308451392,B0                  ,1910.207098
HD 316341      ,Be*,267.1480533,-29.95799768,359.4614709,-1.082964362,B0Ve                ,1945.978434
HD 228684      ,Em*,304.1265393,35.10869761,73.25979416,-0.104912845,B3II                ,1965.915131
HD 73903       ,Be*,129.7453247,-46.22709745,264.7745756,-2.913824424,B3II                ,1979.855663
CD-45 4355     ,Be*,129.7738109,-46.24595779,264.8015587,-2.909613713,B1Vne               ,1979.917282
CD-61 3483     ,Be*,187.1545847,-61.85387364,300.243924,0.898720623,B2IVn(e)            ,2005.834971
HD 167775      ,Em*,274.4844165,-29.2572681,3.202496026,-6.301545098,B5IV/Vn(e)          ,2022.311273
HD 63423       ,Be*,116.8974902,-30.5486226,246.17442,-2.627746789,B1Ib/II             ,2024.113098
HD 300023      ,Em*,142.2558121,-54.43356484,276.1955877,-2.428243433,B3                  ,2034.834032
HD 240458      ,Em*,359.4053599,55.85861752,115.384021,-6.222456158,B0                  ,2037.828622
HD 134889      ,Em*,228.5761599,-51.30520787,324.4410553,5.500559166,B5Ib/II             ,2040.454733
HD 232552      ,Be*,28.10872217,55.33159611,131.5926359,-6.511139436,B0pe                ,2047.539055
BD+49 3587     ,Em*,324.9520645,50.43572132,94.71288049,-1.631375982,B0                  ,2049.032869
HD 236940      ,Be*,31.20183836,56.26201372,133.0392089,-5.163164846,B2                  ,2060.239245
HD 110863      ,Be*,191.4748253,-60.55151764,302.2506625,2.31290586,B2II/III            ,2066.037775
HD 88648       ,Be*,152.9011514,-59.88378437,284.1067496,-2.988727978,B5V                 ,2080.644408
HD 158864      ,Be*,263.4849806,-45.62725153,344.5743609,-6.861362548,B2Ib/IIep           ,2089.27094
HD 327341      ,Em*,259.3679766,-43.89462615,344.3924426,-3.468670456,B3                  ,2102.544124
HD 99146       ,Be*,170.9706886,-59.30481786,291.9564161,1.688334707,OBe                 ,2118.222852
BD+62 11       ,Be*,2.69550808,63.17293917,118.3638061,0.662349291,B5V                 ,2121.736621
V* AI Cru      ,Al*,181.5320341,-61.2568968,297.5110066,1.137052612,B2IVe               ,2121.813942
BD+56 559      ,Be*,35.32531262,57.30613796,134.8660901,-3.468628133,B1IIIe              ,2126.211421
HD 333452      ,Be*,300.7958991,28.70567706,66.35132102,-1.225259102,B0                  ,2143.582934
HD 306196      ,Em*,168.622698,-61.05595942,291.4726299,-0.359724341,B5                  ,2146.89968
BD+46 3062     ,Em*,312.3185026,47.05138682,86.51725321,2.036880248,B5                  ,2152.212167
HD 32190       ,Be*,75.56622272,24.02916658,178.6464473,-10.78100327,B1Ve                ,2163.006661
HD 166568      ,Be*,273.0166718,-18.72651408,11.85906335,-0.132269951,B2II                ,2171.081238
CD-62 623      ,Be*,183.1774374,-63.59987588,298.6426574,-1.051116938,B3V:ne              ,2207.170734
HD 316568      ,Be*,268.6779378,-29.72989882,0.334728056,-2.108124875,B3                  ,2214.062817
BD+56 534      ,Be*,34.860458,57.078397,134.705519,-3.767998,B3Ve                ,2223.228175
HD 69425       ,Be*,123.8767111,-37.11750314,254.8149512,-1.182652454,B2n                 ,2223.812317
HD 246579      ,Em*,85.82191511,33.43240455,175.9058854,1.925926131,B0e                 ,2238.268134
CD-60 3984     ,Em*,181.7185354,-61.27076936,297.6017372,1.138940197,B2IVe               ,2241.097751
HD 306932      ,Em*,174.8514742,-59.36825817,293.8621673,2.229117332,B3                  ,2247.914764
CPD-59 4546    ,Be*,193.4124524,-60.39546624,303.2053461,2.475109463,B2IVneHe-n          ,2264.131898
HD 55538       ,Be*,108.1894851,-15.50178885,229.128314,-2.418872498,B2Vn(e)             ,2276.0433
HD 73658       ,Em*,129.4164804,-46.28270551,264.681094,-3.128485074,B1Ib/II             ,2339.603025
HD 250289      ,Be*,90.27445681,23.33899524,186.5845273,0.148764309,B2III:e             ,2357.289085
CD-61 3799     ,Em*,202.3429835,-62.03818014,307.3628871,0.506777176,B2                  ,2363.672273
HD 72063       ,Em*,127.4071558,-34.93061235,254.6519944,2.409747512,B2(V)ne             ,2384.856081
HD 11554       ,Be*,28.80240575,57.8976374,131.3455175,-3.928596822,B1Vpe               ,2401.895547
HD 112382      ,Em*,194.2496392,-59.03352845,303.6487574,3.830481768,B4II                ,2408.367688
HD 66906       ,Em*,121.248932,-17.78715259,237.2777847,7.357059485,B5V                 ,2417.962539
HD 100943      ,Em*,174.1182148,-61.66514301,294.1604097,-0.076708455,B1Iab/b             ,2418.952266
HD 236998      ,Em*,41.47561651,59.29576903,137.0874653,-0.393178782,B5III:e             ,2433.956622
HD 173219      ,Be*,281.1389193,-7.110599591,25.81997997,-1.714984525,B0Iae               ,2442.092744
HD 94648       ,Be*,163.6113939,-59.86231978,288.7314956,-0.255934902,B2Ib/II             ,2444.6529
CD-53 6689     ,Be*,246.9533722,-53.53473797,331.7591092,-3.239047971,B2                  ,2471.154193
BD+56 493      ,Be*,34.5764751,56.85062047,134.6349806,-4.034263184,B1IV/Ve             ,2471.547552
HD 14422       ,Be*,35.46171344,57.38656771,134.9078502,-3.367892591,B1Ie                ,2474.155783
HD 306485      ,Em*,171.3817242,-60.11331718,292.4182614,0.993018215,B3                  ,2489.164007
HD 103872      ,Be*,179.3956232,-61.54975892,296.5631478,0.654253653,B5e                 ,2496.671934
HD 100856      ,Be*,173.9810801,-61.603818,294.0804002,-0.036658427,B2IVp(e)            ,2509.890588
BD+56 566      ,Be*,35.47058879,57.16637387,134.9879743,-3.573104701,B1Ve                ,2536.438724
BD+56 582      ,Be*,35.59475106,57.28472824,135.0104549,-3.438859168,B1III               ,2539.516055
HD 259494      ,Em*,98.4570969,24.17005924,189.3889373,7.144602338,B2                  ,2544.915874
BD+55 441      ,Be*,29.02975114,56.55438459,131.7979295,-5.199854513,B1V:pe              ,2562.931976
HD 80077       ,s*b,138.9782788,-49.97349274,271.6289235,-0.674224129,B2Ia+e              ,2564.310264
HD 251726      ,Be*,91.72652851,19.03446157,190.9988479,-0.787004985,B1V:e               ,2570.213138
HD 60260       ,Be*,113.2968475,-11.61172655,228.0388877,3.792961979,B3V                 ,2577.231781
HD 16779       ,Em*,40.91040805,57.8280026,137.4404517,-1.848052258,B2Ib                ,2588.526514
HD 303534      ,Be*,163.5912652,-58.07000882,287.9424135,1.353392196,B3                  ,2603.563799
HD 308401      ,Em*,169.1295173,-62.16765242,292.0995431,-1.308921971,B5                  ,2610.985926
HD 232525      ,Em*,26.53578221,53.60774374,131.0839227,-8.395906342,B0                  ,2637.35912
BD+57 515      ,Be*,33.17669213,57.69211781,133.646663,-3.479105729,B2pe                ,2639.544446
HD 13051       ,Be*,32.35706282,56.9917094,133.4375269,-4.280750745,B1IVe               ,2639.573113
HD 249179      ,HXB,88.97933696,28.78511941,181.2839551,1.859534494,B5ne                ,2641.566163
HD 303299      ,Em*,160.7564298,-59.33993057,287.2072755,-0.44649572,B1Ve                ,2646.893988
HD 307347      ,Em*,179.2476432,-60.98472435,296.3758146,1.192063836,B5                  ,2653.905763
HD 305773      ,Em*,164.0161767,-60.4937817,289.1859115,-0.738412832,B1Ib                ,2675.210661
BD+56 484      ,Be*,34.43607559,56.9000041,134.5460597,-4.012881321,B1.0III             ,2678.470605
HD 306016      ,Be*,166.2502994,-61.39361215,290.5462435,-1.108041251,B3                  ,2690.738584
BD+47 3129     ,Em*,307.6285239,47.86408852,85.23071538,5.047489617,B0                  ,2694.06464
BD+60 232      ,Em*,21.27486929,60.80151695,127.0280226,-1.802241026,B2III               ,2706.304053
BD+56 473      ,Be*,34.24045774,57.13020262,134.3697987,-3.830096145,B1III/Ve            ,2722.615226
HD 148028      ,Be*,247.1126922,-56.39762336,329.7448622,-5.281129974,B5IV/V              ,2726.661586
HD 58200       ,Be*,110.8304358,-30.07804073,243.2309331,-6.992108112,B5Ib/II             ,2731.948394
BD+60 114      ,Be*,12.56342907,60.90255628,122.7878669,-1.968862497,B2III:pe            ,2738.009689
HD 144970      ,Be*,242.6975859,-49.02209844,333.0254904,1.84285878,B0                  ,2747.471442
HD 62532       ,Be*,115.9389148,-17.94619672,234.8254567,2.929505096,B3(V)nne            ,2762.230712
BD+59 2829     ,Be*,1.701273424,60.60023505,117.4779993,-1.798019646,B0                  ,2762.704719
BD+52 3283     ,Em*,341.3074898,53.20937336,104.5932237,-5.108687513,B3e                 ,2768.622653
HD 259440      ,HXB,98.24690276,5.800322935,205.6665404,-1.439524546,B0pe                ,2799.039484
BD+56 573      ,Be*,35.5268409,57.09028305,135.042878,-3.63409211,B2III-IVe           ,2801.823488
BD+63 225      ,Em*,25.71653743,64.39947785,128.4530446,2.080424449,B2                  ,2808.567629
HD 102742      ,Be*,177.3747561,-64.62248201,296.3550562,-2.544575103,B3Ve                ,2808.623588
HD 47761       ,Be*,100.0065891,-4.698708907,215.8239092,-4.674779551,B3(II)e             ,2816.236055
CD-61 4751     ,Be*,230.0387567,-62.25221962,319.3184773,-4.209687173,B2Ve                ,2820.779706
BD+34 1150     ,Em*,85.77659424,34.34864442,175.105477,2.374437354,B2V                 ,2847.010913
BD+57 2678     ,Be*,345.9033533,58.30974301,109.1496231,-1.647028576,B2                  ,2872.229285
HD 83597       ,Be*,144.4620545,-53.68034622,276.6388695,-0.997226688,B2Ve                ,2872.532472
BD+61 2408     ,Be*,348.8663302,62.07904638,111.9527956,1.270576158,B3                  ,2874.100585
HD 305483      ,Be*,160.3443693,-60.77567846,287.7096019,-1.807167408,B2                  ,2882.23512
HD 61025       ,Be*,114.0754687,-24.60979188,239.77175,-1.862595898,B2Vne               ,2893
BD+53 2964     ,Be*,340.8466788,54.07160055,104.7581958,-4.219291805,B2IV:nnpe           ,2895.913205
CD-45 4615     ,Be*,132.6491615,-45.54894857,265.4987996,-0.908622206,B2                  ,2896.328035
BD+62 300      ,Be*,26.27778899,62.83081421,129.0148751,0.59469225,B1V:npe             ,2901.749819
HD 136239      ,s*b,230.583664,-59.14720529,321.2280738,-1.74475551,B2Iae               ,2954.864888
CPD-59 4559    ,Be*,193.4649068,-60.3880196,303.2313525,2.48232242,B2IVne              ,3004.179373
HD 61778       ,Em*,115.0009233,-25.5494994,241.0020564,-1.5918034,B2Ib/II             ,3037.780289
HD 224599      ,Be*,359.8123914,60.02248142,116.4504615,-2.190885517,B0V                 ,3050.030431
BD+56 563      ,Be*,35.43083046,57.12577754,134.9816049,-3.618633468,B1IIIe              ,3078.132498
HD 75465       ,Be*,132.0868981,-46.91053571,266.3081725,-2.07075645,B2III/IVe           ,3088.633467
HD 13758       ,Be*,34.01846993,57.74490939,134.0572962,-3.287088458,B1V                 ,3118.005541
BD+60 2645a    ,Em*,359.2181501,61.22727432,116.4127527,-0.951918832,B3V                 ,3126.134225
HD 216044      ,Be*,342.1803212,55.12604663,105.9346129,-3.643829657,B0III-IV            ,3166.451608
HD 295852      ,Em*,104.4647796,-3.762957496,217.0123174,-0.289184646,B3                  ,3168.619269
HD 305138      ,Be*,156.3792195,-59.79415319,285.5166958,-1.95101139,OB                  ,3171.965398
HD 250980      ,Be*,90.89269035,9.66517734,198.8102328,-6.04789258,B2ne                ,3216.039873
BD+79 499      ,Em*,246.3494431,79.26471368,112.6324248,33.13654077,B5                  ,3224.599005
CD-38 4447     ,Em*,126.4132847,-38.77640185,257.3158573,-0.476298113,B0                  ,3235.788313
BD+63 89       ,Em*,11.30354045,64.39187021,122.2592495,1.528249312,B1Ib                ,3287.861188
HD 302840      ,Be*,156.9755387,-57.612096,284.6333904,0.068218278,OB-e                ,3303.37865
HD 95826       ,Be*,165.5996434,-60.51625427,289.9033798,-0.432520323,B5e                 ,3340.764088
BD+61 2481     ,Em*,353.8654421,62.29776317,114.2287726,0.716734242,B3                  ,3391.508214
HD 240234      ,Em*,348.6435766,59.8367286,111.0369333,-0.779050028,B0                  ,3408.456503
HD 99354       ,Be*,171.3072991,-61.27686451,292.7636413,-0.118688718,B1IIIne             ,3433.502451
BD+59 2786     ,Em*,358.4854278,60.37403132,115.8796924,-1.708078623,B0                  ,3438.886568
BD+56 657      ,Em*,38.39081873,57.5435719,136.320242,-2.649188853,B1V                 ,3450.139868
BD+48 1098     ,Em*,67.16508587,48.59861353,155.4179177,-0.079085896,B5                  ,3483.242673
HD 68552       ,Em*,122.9259936,-32.15383999,250.2456786,0.908541371,B5Ib/II             ,3484.161613
HD 303142      ,Em*,160.0024147,-57.54977826,286.005067,0.937348003,B0                  ,3507.344005
HD 305296      ,Be*,157.9160885,-60.28636735,286.4287142,-1.97254734,OB+e                ,3530.238514
HD 306002      ,Em*,166.4554774,-61.14134779,290.5365441,-0.837353924,B5                  ,3532.610884
HD 33599       ,Be*,76.80395452,-61.80508208,271.3250805,-35.91456296,B2Vpe               ,3592.373514
HD 219287      ,Em*,348.5146818,59.37472457,110.8071083,-1.185124619,B0                  ,3641.359227
HD 224424      ,Be*,359.4487256,59.72011688,116.209925,-2.449693095,B0e                 ,3799.652976
HD 235640      ,Em*,327.6519135,55.23433859,99.05807559,0.976322752,B2                  ,3811.459424
HD 216411      ,Em*,342.8907225,59.00854341,108.0269437,-0.349721123,B0                  ,3855.919519
HD 93618       ,Be*,161.842266,-57.16720587,286.7005452,1.742129472,B2Ve                ,3868.088941
HD 219286      ,Em*,348.4936233,59.82016468,110.96073,-0.76686897,B0                  ,3938.96568
HD 150533      ,Be*,250.9261623,-45.46261501,339.4616167,0.294799097,B0                  ,nan
HD 148379      ,Be*,247.4263631,-46.24323111,337.2455507,1.57564944,B2Iab               ,nan
HD 22928       ,Be*,55.73126773,47.78754851,150.2834098,-5.768438451,B5III               ,nan
HD 208392      ,Be*,328.4504049,62.6144165,104.0308588,6.456070088,B1Vn                ,nan
HD 52437       ,Be*,105.0806856,-22.11906715,233.7231829,-8.032658963,B3Vnn               ,nan
HD 56847       ,Be*,109.5401644,-15.62832059,229.8451459,-1.325392638,B5Ib                ,nan
HD 63359       ,Be*,116.8833118,-26.68190125,242.8263626,-0.690565947,OB                  ,nan
HD 76838       ,Be*,134.2814669,-43.25619656,264.4919693,1.458319682,B2IV                ,nan
HD 90578       ,Be*,156.500788,-57.82693311,284.5302533,-0.247698161,B1Ib/II             ,nan
HD 95972       ,Be*,165.7903529,-61.76874738,290.4965712,-1.539519112,B2Vnn               ,nan
HD 256577      ,Be*,96.00074478,8.300693551,202.4158555,-2.254656319,B1V                 ,nan
HD 293396      ,Be*,107.2448239,-1.015799959,215.8397798,3.437379078,B2                  ,nan
HD 56670       ,Be*,109.4016593,-9.414431451,224.2874045,1.458185681,B5Ib                ,nan
HD 42379       ,Em*,92.82535788,21.5637864,189.2849249,1.339545589,B1II                ,nan
BD-20 1913     ,Em*,111.1824359,-20.93773269,235.2675829,-2.443013672,B0III               ,nan
* zet01 Sco    ,s*b,253.4988625,-42.3620316,343.0275333,0.86998724,B1Ia-0ek            ,nan
HD 120991      ,Be*,208.4885012,-47.12815921,313.8410838,14.41507314,B2Ve                ,nan
V5563 Sgr      ,WU*,271.1424556,-24.36680755,6.08136993,-1.346039661,B2Vne               ,nan
V* IU Aur      ,bL*,81.96835577,34.7828732,173.0462977,-0.030535501,B3Vnne              ,nan
HD 4841        ,Em*,12.85802821,63.78116911,122.9312785,0.909419117,B5Ia                ,nan
HD 232534      ,Em*,27.13006711,51.12255899,131.9924607,-10.74222171,B2                  ,nan
HD 12856       ,Be*,31.97257942,57.10568717,133.2034321,-4.233550457,B0pe                ,nan
HD 15571       ,Em*,38.1032444,57.4290007,136.2210474,-2.814118001,B1II                ,nan
BD+49 916      ,Em*,51.07210084,49.66663396,146.6722725,-6.027534656,B3p_sh              ,nan
HD 280006      ,Em*,69.01398797,36.6675174,165.1134405,-7.197779969,A0Ibe:              ,nan
HD 243770      ,Em*,81.95994905,33.62330785,174.0066109,-0.680523291,B3e                 ,nan
HD 247795      ,Em*,87.28647327,31.8355744,177.9121635,2.151153343,B0e                 ,nan
BD-08 1743     ,Em*,106.5901559,-9.168848421,222.78518,-0.887541596,B1e                 ,nan
HD 65176       ,Em*,119.3548489,-1.612860283,222.0871931,13.87279267,B1Ib/II             ,nan
HD 297635      ,Em*,148.1585138,-48.83208984,275.2686621,4.195405084,B0                  ,nan
HD 87643       ,Em*,151.1261855,-58.66448299,282.6576432,-2.526390343,B3I[e]              ,nan
HD 302793      ,Be*,156.4642966,-58.79535717,285.0252294,-1.080313588,OB                  ,nan
HD 305330      ,Be*,158.3115301,-61.42804069,287.1749063,-2.858373337,OB+e                ,nan
HD 95461       ,Em*,165.0267214,-59.36746133,289.1690164,0.4963328,B0II/III            ,nan
HD 96042       ,Em*,165.9190148,-59.43307937,289.6102983,0.622422667,B1(V)ne             ,nan
HD 306922      ,Em*,175.6628612,-61.48473911,294.8178756,0.298621132,B0                  ,nan
HD 114340      ,Em*,197.7659111,-59.74575332,305.4051747,3.031717486,B1Ia                ,nan
HD 114516      ,Em*,198.0932869,-63.81220272,305.2394649,-1.034290545,B0(Ve)              ,nan
HD 322447      ,Em*,254.075058,-40.680217,344.607422,1.59089,B3                  ,nan
HD 324248      ,Em*,266.6484293,-38.14183427,352.2232433,-4.945467851,B5                  ,nan
HD 337639      ,Em*,286.4818718,24.79408526,56.72032052,8.057909432,B2                  ,nan
HD 208220      ,Be*,328.4316516,43.48282911,92.03324558,-8.47498819,B1IVe               ,nan
HD 224055      ,Em*,358.675481,61.83889879,116.2909647,-0.299114427,B3Ia                ,nan
HD 50820       ,Be*,103.6751776,-1.756475938,214.8670449,-0.075203607,B3IVe+K2II          ,nan
HD 320156      ,Em*,264.4937707,-35.38451615,353.6684138,-2.029934158,B4Ibe               ,nan
BD+14 3887     ,Em*,290.3915723,14.88247453,49.57152723,0.250157056,B3Ibe               ,nan
HD 246901      ,Em*,86.22146704,33.52856763,175.9982327,2.260276124,B1I+K               ,nan
HD 259012      ,** ,97.8894487,4.8443608,206.3510211,-2.1961612,B1Vn+B4/A1Ve        ,nan
HD 203374      ,Be*,319.7807672,61.85841567,100.5128619,8.622271274,B0IVpe              ,nan
HD 151113      ,Be*,251.876421,-45.46052552,339.897016,-0.20982922,B2Ve                ,nan
HD 316285      ,s*b,267.0584874,-28.01475689,1.085723693,-0.013178051,B0Ieq               ,nan